{"epoch": 5, "loss": 0.14878012067348945, "best_score": 1.4285444444444444, "score": {"mean_score": 1.7, "p_res": 0.03799999999999919, "s_res": 0.04000000000000057, "p_hit": 1.0, "s_hit": 1.0, "n": 5}, "holdout": {"mean_score": 1.4285444444444444, "p_res": 0.06585714285714264, "s_res": 0.21242320819112614, "p_hit": 0.9, "s_hit": 0.689419795221843, "n": 500}}