{"epoch": 10, "loss": 0.5496356785297394, "best_score": 2.0, "score": {"mean_score": 2.0, "p_res": 0.04600000000000008, "s_res": 0.029999999999999007, "p_hit": 1.0, "s_hit": 1.0, "n": 5}}