{"epoch": 5, "loss": 0.1811213052097489, "best_score": 1.3272777777777778, "score": {"mean_score": 1.8, "p_res": 0.0519999999999996, "s_res": 0.061999999999999035, "p_hit": 1.0, "s_hit": 1.0, "n": 5}, "holdout": {"mean_score": 1.3272777777777778, "p_res": 0.132127659574468, "s_res": 0.23832335329341317, "p_hit": 0.6985815602836879, "s_hit": 0.562874251497006, "n": 300}}