{"epoch": 5, "loss": 0.17287971383476325, "best_score": 1.4293777777777776, "score": {"mean_score": 1.7, "p_res": 0.043999999999999415, "s_res": 0.028000000000000115, "p_hit": 1.0, "s_hit": 1.0, "n": 5}, "holdout": {"mean_score": 1.4293777777777776, "p_res": 0.06648979591836714, "s_res": 0.21435374149659853, "p_hit": 0.8979591836734694, "s_hit": 0.6836734693877551, "n": 500}}